;S19;S20;;;;;;;;;;;;;;;;;;;;;;;;;;;S21;;;;S22;S23;;S24;S25;S26;S27;S28;;;;;;;;;;;;S29;;;;;1;2;3;4;5;6;7;8;9;10;11;;;;;12;;13;14;15;16;17;;;;;18
;;;;;;;;;;;;;;;;;;;;;;;;;;;;;;;;;;;;;;;;;;;;;;;;;;;;;;;;acc;;;;;;;;;;;;;;;;;;;;;;;;;;;
;;;;;;;;;;;;;;;;;;;;;;;;;;;;;;;;;;;;;;;;;;;;;;;;;;;;;;;;R0;;;;;;;;;;;;;;;;;;;;;;;;;;;
S30;;;;;;;;;;;;;;;;;;;;;;;;;;;;;;;;;;;;;;;;;;;;;;;;S31;;;;;;;;S30;;;;;;;;;;;;;;;;;;;;;;;;;;;
R4;;;;;;;;;;;;;;;;;;;;;;;;;;;;;;;;;;;;;;;;;;;;;;;;R4;;;;;;;;R4;;;;;;;;;;;;;;;;;;;;;;;;;;;
R5;;;;;;;;;;;;;;;;;;;;;;;;;;;;;;;;;;;;;;;;;;;;;;;;R5;;;;;;;;R5;;;;;;;;;;;;;;;;;;;;;;;;;;;
R6;;;;;;;;;;;;;;;;;;;;;;;;;;;;;;;;;;;;;;;;;;;;;;;;R6;;;;;;;;R6;;;;;;;;;;;;;;;;;;;;;;;;;;;
R7;;;;;;;;;;;;;;;;;;;;;;;;;;;;;;;;;;;;;;;;;;;;;;;;R7;;;;;;;;R7;;;;;;;;;;;;;;;;;;;;;;;;;;;
R8;;;;;;;;;;;;;;;;;;;;;;;;;;;;;;;;;;;;;;;;;;;;;;;;R8;;;;;;;;R8;;;;;;;;;;;;;;;;;;;;;;;;;;;
R9;;;;;;;;;;;;;;;;;;;;;;;;;;;;;;;;;;;;;;;;;;;;S32;;;;R9;;;;;;;;R9;;;;;;;;;;;;;;;;;;;;;;;;;;;
R10;;;;;;;;;;;;;;;;;;;;;;;;;;;;;;;;;;;;;;;;;;;;;;;;R10;;;;;;;;R10;;;;;;;;;;;;;;;;;;;;;;;;;;;
R11;;;S35;S36;S37;S38;S39;S40;S41;S42;S43;;;;;;;;;;S44;S45;S46;S47;;;;;;;;;;;;;;;;;;S48;S49;;S50;;S51;R11;S52;S53;S54;;;S55;S56;R11;;;;;;;;;;;;33;;34;;;;;;;;;;;;;
R73;;;R73;R73;R73;R73;R73;R73;R73;R73;R73;S58;S59;S60;S61;S62;S63;S64;S65;S66;R73;R73;R73;R73;S67;S68;S69;S70;;R73;;;;;;;;;;;R73;R73;R73;R73;R73;;R73;R73;R73;R73;R73;;R73;R73;R73;R73;;;;;;;;;;;;;;;;;57;;;;;;;;;;
R32;;;R32;R32;R32;R32;R32;R32;R32;R32;R32;;;;;;;;;;R32;R32;R32;R32;;;;;;R32;;;;;;;;;;;R32;R32;R32;S71;R32;;R32;R32;R32;R32;R32;;R32;R32;R32;R32;;;;;;;;;;;;;;;;;;;;;;;;;;;
R72;;;R72;R72;R72;R72;R72;R72;R72;R72;R72;;;;;;;;;;R72;R72;R72;R72;;;;;;R72;;;;;;;;;;;R72;R72;R72;R72;R72;;R72;R72;R72;R72;R72;;R72;R72;R72;R72;;;;;;;;;;;;;;;;;;;;;;;;;;;
R58;;;R58;R58;R58;R58;R58;R58;R58;R58;R58;R58;R58;R58;R58;R58;R58;R58;R58;R58;R58;R58;R58;R58;R58;R58;R58;R58;;R58;;;;;;;;;;;R58;R58;R58;R58;R58;;R58;R58;R58;R58;R58;;R58;R58;R58;R58;;;;;;;;;;;;;;;;;;;;;;;;;;;
R74;;;R74;R74;R74;R74;R74;R74;R74;R74;R74;;;;;;;;;;R74;R74;R74;R74;;;;;;R74;;;;;;;;;;;R74;R74;R74;R74;R74;S73;R74;R74;R74;R74;R74;;R74;R74;R74;R74;;;;;;;;;;;;;;;;;;;;;;;;;;;
R75;;;R75;R75;R75;R75;R75;R75;R75;R75;R75;;;;;;;;;;R75;R75;R75;R75;;;;;;R75;;;;;;;;;;;R75;R75;R75;R75;R75;;R75;R75;R75;R75;R75;;R75;R75;R75;R75;;;;;;;;;;;;;;;;;;;;;;;;;;;
R22;;;;;;;;;;;;;;;;;;;;;;;;;;;;;;;;;;;;;;;;;R22;;;R22;;;;R22;;;;;R22;;;R22;;;;;;;;;;;;;;;;;;;;;;;;;;;
R79;S19;;R79;R79;R79;R79;R79;R79;R79;R79;R79;R79;R79;R79;R79;R79;R79;R79;R79;R79;R79;R79;R79;R79;R79;R79;R79;R79;;R79;;;;;;;;;;R79;R79;R79;R79;R79;R79;R79;R79;R79;R79;R79;R79;;R79;R79;R79;R79;;;;;;;;;;;;;;;;;;;;;74;;;;;;
R77;S19;S20;R77;R77;R77;R77;R77;R77;R77;R77;R77;R77;R77;R77;R77;R77;R77;R77;R77;R77;R77;R77;R77;R77;R77;R77;R77;R77;;R77;;;;;;;;;;R77;R77;R77;R77;R77;R77;;R77;R77;R77;R77;R77;;R77;R77;R77;R77;;;;;;;;;;;;;;;;;;;;75;76;;77;;;;
;S19;S20;;;;;;;;;;;;;;;;;;;;;;;;;;;;;;;;;;;;;;S82;;;;;;;;;;;;S83;;;;;;;;;;;;;;;78;;79;;;80;;13;14;81;16;17;;;;;
;S19;S20;;;;;;;;;;;;;;;;;;;;;;;;;;;;;;;;;;;;;;S82;;;;;;;;;;;;S83;;;;;;;;;;;;;;;78;;84;;;80;;13;14;81;16;17;;;;;
;;S20;;;;;;;;;;;;;;;;;;;;;;;;;;;;;;;;;;;;;;;;;;;;;;;;;;;;;;;;;;;;;;;;;;;;;;;;;;85;;;;;;;
;;;;;;;;;;;;;;;;;;;;;;;;;;;;;;;;;;;;;;;;S86;;;;;;;;;;;;;;;;;;;;;;;;;;;;;;;;;;;;;;;;;;;
;;;;;;;;;;;;;;;;;;;;;;;;;;;;;;;;;;;;;;;;S87;;;;;;;;;;;;;;;;;;;;;;;;;;;;;;;;;;;;;;;;;;;
;;;;;;;;;;;;;;;;;;;;;;;;;;;;;;;;;;;;;;;;S88;;;;;;;;;;;;;;;;;;;;;;;;;;;;;;;;;;;;;;;;;;;
;;S20;;;;;;;;;;;;;;;;;;;;;;;;;;;;;;;;;;;;;;;;;;;;;;;;;;;;;;;;;;;;;;;;;;;;;;;;;;89;;;;;;;
;S19;S20;;;;;;;;;;;;;;;;;;;;;;;;;;;;;;;;;;S24;S25;S26;;S28;;;;;;;;;;;;S29;;;;;;;;;;;;;90;;91;;;;;80;;13;14;15;16;17;;;;;18
;S19;S20;;;;;;;;;;;;;;;;;;;;;;;;;;;;;;;;;;S24;S25;S26;;S28;;;;;;;;;;;;S29;;;;;;;;;;;;;92;;93;;;;;80;;13;14;15;16;17;;;;;18
R1;S19;S20;;;;;;;;;;;;;;;;;;;;;;;;;;;S21;;R1;R1;S22;S23;;S24;S25;S26;S27;S28;;;;;;;;R1;;;;S29;;;;R1;;94;3;4;5;6;7;8;9;10;11;;;;;12;;13;14;15;16;17;;;;;18
;S19;S20;;;;;;;;;;;;;;;;;;;;;;;;;;;S21;;;;S22;S23;;S24;S25;S26;S27;S28;;;;;;;;;;;;S29;;;;;;95;3;4;5;6;7;8;9;10;11;;;;;12;;13;14;15;16;17;;;;;18
;;S20;;;;;;;;;;;;;;;;;;;;;;;;;;;;;;;;;;S24;S25;S26;;S98;;;;;;;;;;;;S99;;;;;;;;;;;;;96;;;;;;;;;;;97;;;;;;;18
;S19;S20;;;;;;;;;;;;;;;;;;;;;;;;;;;;;;;;;;;;;;S82;;;;;;;;;;;;S83;;;;;;;;100;;;;;;;11;;;;;80;;13;14;81;16;17;;;;;
;R43;R43;;;;;;;;;;;;;;;;;;;;;;;;;;;;;;;;;;;;;;R43;;;;;;;;;;;;R43;;;;;;;;;;;;;;;;;;;;;;;;;;;;;;;
;R47;R47;;;;;;;;;;;;;;;;;;;;;;;;;;;;;;;;;;;;;;R47;;;;;;;;;;;;R47;;;;;;;;;;;;;;;;;;;;;;;;;;;;;;;
;R48;R48;;;;;;;;;;;;;;;;;;;;;;;;;;;;;;;;;;;;;;R48;;;;;;;;;;;;R48;;;;;;;;;;;;;;;;;;;;;;;;;;;;;;;
;R49;R49;;;;;;;;;;;;;;;;;;;;;;;;;;;;;;;;;;;;;;R49;;;;;;;;;;;;R49;;;;;;;;;;;;;;;;;;;;;;;;;;;;;;;
;R50;R50;;;;;;;;;;;;;;;;;;;;;;;;;;;;;;;;;;;;;;R50;;;;;;;;;;;;R50;;;;;;;;;;;;;;;;;;;;;;;;;;;;;;;
;R51;R51;;;;;;;;;;;;;;;;;;;;;;;;;;;;;;;;;;;;;;R51;;;;;;;;;;;;R51;;;;;;;;;;;;;;;;;;;;;;;;;;;;;;;
;R52;R52;;;;;;;;;;;;;;;;;;;;;;;;;;;;;;;;;;;;;;R52;;;;;;;;;;;;R52;;;;;;;;;;;;;;;;;;;;;;;;;;;;;;;
;R53;R53;;;;;;;;;;;;;;;;;;;;;;;;;;;;;;;;;;;;;;R53;;;;;;;;;;;;R53;;;;;;;;;;;;;;;;;;;;;;;;;;;;;;;
;R54;R54;;;;;;;;;;;;;;;;;;;;;;;;;;;;;;;;;;;;;;R54;;;;;;;;;;;;R54;;;;;;;;;;;;;;;;;;;;;;;;;;;;;;;
;R55;R55;;;;;;;;;;;;;;;;;;;;;;;;;;;;;;;;;;;;;;R55;;;;;;;;;;;;R55;;;;;;;;;;;;;;;;;;;;;;;;;;;;;;;
;R41;R41;;;;;;;;;;;;;;;;;;;;;;;;;;;;;;;;;;;;;;R41;;;;;;;;;;;;R41;;;;;;;;;;;;;;;;;;;;;;;;;;;;;;;
;R42;R42;;;;;;;;;;;;;;;;;;;;;;;;;;;;;;;;;;;;;;R42;;;;;;;;;;;;R42;;;;;;;;;;;;;;;;;;;;;;;;;;;;;;;
;R37;R37;;;;;;;;;;;;;;;;;;;;;;;;;;;;;;;;;;;;;;R37;;;;;;;;;;;;R37;;;;;;;;;;;;;;;;;;;;;;;;;;;;;;;
;R38;R38;;;;;;;;;;;;;;;;;;;;;;;;;;;;;;;;;;;;;;R38;;;;;;;;;;;;R38;;;;;;;;;;;;;;;;;;;;;;;;;;;;;;;
;R36;R36;;;;;;;;;;;;;;;;;;;;;;;;;;;;;;;;;;;;;;R36;;;;;;;;;;;;R36;;;;;;;;;;;;;;;;;;;;;;;;;;;;;;;
;R33;R33;;;;;;;;;;;;;;;;;;;;;;;;;;;;;;;;;;;;;;R33;;;;;;;;;;;;R33;;;;;;;;;;;;;;;;;;;;;;;;;;;;;;;
;R34;R34;;;;;;;;;;;;;;;;;;;;;;;;;;;;;;;;;;;;;;R34;;;;;;;;;;;;R34;;;;;;;;;;;;;;;;;;;;;;;;;;;;;;;
;R35;R35;;;;;;;;;;;;;;;;;;;;;;;;;;;;;;;;;;;;;;R35;;;;;;;;;;;;R35;;;;;;;;;;;;;;;;;;;;;;;;;;;;;;;
;R46;R46;;;;;;;;;;;;;;;;;;;;;;;;;;;;;;;;;;;;;;R46;;;;;;;;;;;;R46;;;;;;;;;;;;;;;;;;;;;;;;;;;;;;;
;S19;S20;;;;;;;;;;;;;;;;;;;;;;;;;;;;;;;;;;;;;;S82;;;;;;;;;;;;S83;;;;;;;;101;;;;;;;11;;;;;80;;13;14;81;16;17;;;;;
;R45;R45;;;;;;;;;;;;;;;;;;;;;;;;;;;;;;;;;;;;;;R45;;;;;;;;;;;;R45;;;;;;;;;;;;;;;;;;;;;;;;;;;;;;;
;R39;R39;;;;;;;;;;;;;;;;;;;;;;;;;;;;;;;;;;;;;;R39;;;;;;;;;;;;R39;;;;;;;;;;;;;;;;;;;;;;;;;;;;;;;
;R40;R40;;;;;;;;;;;;;;;;;;;;;;;;;;;;;;;;;;;;;;R40;;;;;;;;;;;;R40;;;;;;;;;;;;;;;;;;;;;;;;;;;;;;;
;S19;S20;;;;;;;;;;;;;;;;;;;;;;;;;;;;;;;;;;;;;;;;;;;;;;;;;;;;;;;;;;;;;;;;;;;;;;80;;102;14;81;16;17;;;;;
;R59;R59;;;;;;;;;;;;;;;;;;;;;;;;;;;;;;;;;;;;;;;;;;;;;;;;;;;;;;;;;;;;;;;;;;;;;;;;;;;;;;;;;
;R60;R60;;;;;;;;;;;;;;;;;;;;;;;;;;;;;;;;;;;;;;;;;;;;;;;;;;;;;;;;;;;;;;;;;;;;;;;;;;;;;;;;;
;R61;R61;;;;;;;;;;;;;;;;;;;;;;;;;;;;;;;;;;;;;;;;;;;;;;;;;;;;;;;;;;;;;;;;;;;;;;;;;;;;;;;;;
;R62;R62;;;;;;;;;;;;;;;;;;;;;;;;;;;;;;;;;;;;;;;;;;;;;;;;;;;;;;;;;;;;;;;;;;;;;;;;;;;;;;;;;
;R63;R63;;;;;;;;;;;;;;;;;;;;;;;;;;;;;;;;;;;;;;;;;;;;;;;;;;;;;;;;;;;;;;;;;;;;;;;;;;;;;;;;;
;R64;R64;;;;;;;;;;;;;;;;;;;;;;;;;;;;;;;;;;;;;;;;;;;;;;;;;;;;;;;;;;;;;;;;;;;;;;;;;;;;;;;;;
;R65;R65;;;;;;;;;;;;;;;;;;;;;;;;;;;;;;;;;;;;;;;;;;;;;;;;;;;;;;;;;;;;;;;;;;;;;;;;;;;;;;;;;
;R66;R66;;;;;;;;;;;;;;;;;;;;;;;;;;;;;;;;;;;;;;;;;;;;;;;;;;;;;;;;;;;;;;;;;;;;;;;;;;;;;;;;;
;R67;R67;;;;;;;;;;;;;;;;;;;;;;;;;;;;;;;;;;;;;;;;;;;;;;;;;;;;;;;;;;;;;;;;;;;;;;;;;;;;;;;;;
;R68;R68;;;;;;;;;;;;;;;;;;;;;;;;;;;;;;;;;;;;;;;;;;;;;;;;;;;;;;;;;;;;;;;;;;;;;;;;;;;;;;;;;
;R69;R69;;;;;;;;;;;;;;;;;;;;;;;;;;;;;;;;;;;;;;;;;;;;;;;;;;;;;;;;;;;;;;;;;;;;;;;;;;;;;;;;;
;R70;R70;;;;;;;;;;;;;;;;;;;;;;;;;;;;;;;;;;;;;;;;;;;;;;;;;;;;;;;;;;;;;;;;;;;;;;;;;;;;;;;;;
;R71;R71;;;;;;;;;;;;;;;;;;;;;;;;;;;;;;;;;;;;;;;;;;;;;;;;;;;;;;;;;;;;;;;;;;;;;;;;;;;;;;;;;
;S19;S20;;;;;;;;;;;;;;;;;;;;;;;;;;;;;;;;;;;;;;S82;;;;;;;;;;;;S83;;;;;;;;;;;;;;;103;;;;;80;;13;14;81;16;17;;;;;
;;S20;;;;;;;;;;;;;;;;;;;;;;;;;;;;;;;;;;S24;S25;S26;;S98;;;;;;;;;;;;S99;;;;;;;;;;;;;104;;;;;;;;;;;97;;;;;;;18
;S19;;;;;;;;;;;;;;;;;;;;;;;;;;;;;;;;;;;;;;;;;;;;;;;;;;;;;;;;;;;;;;;;;;;;;;;;;;;;105;;;;;;
R78;;;R78;R78;R78;R78;R78;R78;R78;R78;R78;R78;R78;R78;R78;R78;R78;R78;R78;R78;R78;R78;R78;R78;R78;R78;R78;R78;;R78;;;;;;;;;;R78;R78;R78;R78;R78;R78;R78;R78;R78;R78;R78;R78;;R78;R78;R78;R78;;;;;;;;;;;;;;;;;;;;;;;;;;;
R82;;;R82;R82;R82;R82;R82;R82;R82;R82;R82;R82;R82;R82;R82;R82;R82;R82;R82;R82;R82;R82;R82;R82;R82;R82;R82;R82;;R82;;;;;;;;;;R82;R82;R82;R82;R82;R82;;R82;R82;R82;R82;R82;;R82;R82;R82;R82;;;;;;;;;;;;;;;;;;;;;;;;;;;
R81;;;R81;R81;R81;R81;R81;R81;R81;R81;R81;R81;R81;R81;R81;R81;R81;R81;R81;R81;R81;R81;R81;R81;R81;R81;R81;R81;;R81;;;;;;;;;;R81;R81;R81;R81;R81;R81;;R81;R81;R81;R81;R81;;R81;R81;R81;R81;;;;;;;;;;;;;;;;;;;;;;;;;;;
R76;;;R76;R76;R76;R76;R76;R76;R76;R76;R76;R76;R76;R76;R76;R76;R76;R76;R76;R76;R76;R76;R76;R76;R76;R76;R76;R76;;R76;;;;;;;;;;R76;R76;R76;R76;R76;R76;;R76;R76;R76;R76;R76;;R76;R76;R76;R76;;;;;;;;;;;;;;;;;;;;;;;;;;;
;;;S35;S36;S37;S38;S39;S40;S41;S42;S43;;;;;;;;;;;;;;;;;;;;;;;;;;;;;;;;;;;;;;S52;;S54;;;;;;;;;;;;;;;;;;;106;;;;;;;;;;;;;
;;;;;;;;;;;;;;;;;;;;;;;;;;;;;;S107;;;;;;;;;;;;;;;;;;;;;;;;;;;;;;;;;;;;;;;;;;;;;;;;;;;;;
R73;;;R73;R73;R73;R73;R73;R73;R73;R73;R73;;;;;;;;;;R73;R73;R73;R73;;;;;;R73;;;;;;;;;;;R73;R73;R73;R73;R73;;R73;R73;R73;R73;R73;;R73;R73;R73;R73;;;;;;;;;;;;;;;;;;;;;;;;;;;
R58;;;R58;R58;R58;R58;R58;R58;R58;R58;R58;R58;R58;R58;R58;R58;R58;R58;R58;R58;R58;R58;R58;R58;R58;R58;R58;R58;;R58;;;;;;;;;;;R58;R58;R58;R58;R58;;R58;R58;R58;R58;R58;;R58;R58;R58;R58;;;;;;;;;;;;;;;;;;;;;;;;;;;
;S19;S20;;;;;;;;;;;;;;;;;;;;;;;;;;;;;;;;;;;;;;S82;;;;;;;;;;;;S83;;;;;;;;;;;;;;;91;;;;;80;;13;14;81;16;17;;;;;
;S19;S20;;;;;;;;;;;;;;;;;;;;;;;;;;;;;;;;;;;;;;S82;;;;;;;;;;;;S83;;;;;;;;;;;;;;;93;;;;;80;;13;14;81;16;17;;;;;
;;;;;;;;;;;;;;;;;;;;;;;;;;;;;;S108;;;;;;;;;;;;;;;;;;;;;;;;;;;;;;;;;;;;;;;;;;;;;;;;;;;;;
;;;;;;;;;;S109;;;;;;;;;;;;;;;;;;;;;;;;;;;;;;;;;;;;;;;;;;;;;;;;;;;;;;;;;;;;;;;;;;;;;;;;;
;S19;S20;;;;;;;;;;;;;;;;;;;;;;;;;;;;;;;;;;;;;;S82;;;;;;;;;;;;S83;;;;;;;;;;;;;;;110;;;;111;80;;13;14;81;16;17;;;;;
;S19;S20;;;;;;;;;;;;;;;;;;;;;;;;;;;;;;;;;;;;;;S82;;;;;;;;;;;;S83;;;;;;;;;;;;;;;110;;;;112;80;;13;14;81;16;17;;;;;
;S19;S20;;;;;;;;;;;;;;;;;;;;;;;;;;;;;;;;;;;;;;;;;;;;;;;;;;;;;;;;;;;;;;;;;;;;;;;;;;75;76;;113;;;;
;;;;;;;;;;;;;;;;;;;;;;;;;;;;;;;;;;;;;;;;S114;;;;;;;;;;;;;;;;;;;;;;;;;;;;;;;;;;;;;;;;;;;
;;;;;;;;;;;;;;;;;;;;;;;;;;;;;;;;;;;;;;;;;S115;;;S32;;;;;;;;;;;;;;;;;;;;;;;;;;;;;;;;;;;;;;;
;;;;;;;;;;;;;;;;;;;;;;;;;;;;;;;;;;;;;;;;;S116;;;;;;;;;;;;;;;;;;;;;;;;;;;;;;;;;;;;;;;;;;
;;;;;;;;;;;;;;;;;;;;;;;;;;;;;;;;;;;;;;;;;;;;S32;;;;;;;;;S117;;;;;;;;;;;;;;;;;;;;;;;;;;;;;;
;;;;;;;;;;;;;;;;;;;;;;;;;;;;;;;;;;;;;;;;;;;;;;;;;;;;;S118;;;;;;;;;;;;;;;;;;;;;;;;;;;;;;
R3;;;;;;;;;;;;;;;;;;;;;;;;;;;;;;;R3;R3;;;;;;;;;;;;;;;;R3;;;;;;;;R3;;;;;;;;;;;;;;;;;;;;;;;;;;;
R2;;;;;;;;;;;;;;;;;;;;;;;;;;;;;;;R2;R2;;;;;;;;;;;;;;;;R2;;;;;;;;R2;;;;;;;;;;;;;;;;;;;;;;;;;;;
R23;;;;;;;;;;;;;;;;;;;;;;;;;;;;;;;;;;;;;;;;;R23;;;{S32,R23};;;;R23;;;;;R23;;;R23;;;;;;;;;;;;;;;;;;;;;;;;;;;
;;;;;;;;;;;;;;;;;;;;;;;;;;;;;;;;;;;;;;;;;;;;;;;;;;S72;;;;;;;;;;;;;;;;;;;;;;;;;;;;;;;;;
;;S20;;;;;;;;;;;;;;;;;;;;;;;;;;;;;;;;;;S24;S25;S26;;S98;;;;;;;;;;;;S99;;;;;;;;;;;;;90;;;;;;;;;;;97;;;;;;;18
;;S20;;;;;;;;;;;;;;;;;;;;;;;;;;;;;;;;;;S24;S25;S26;;S98;;;;;;;;;;;;S99;;;;;;;;;;;;;92;;;;;;;;;;;97;;;;;;;18
R13;;;;;;;;;;;;;;;;;;;;;;;;;;;;;;;;;;;;;;;;;;;;;;;;R13;;;;;;;;R13;;;;;;;;;;;;;;;;;;;;;;;;;;;
R12;;;;;;;;;;;;;;;;;;;;;;;;;;;;;;;;;;;;;;;;;;;;;;;;R12;;;;;;;;R12;;;;;;;;;;;;;;;;;;;;;;;;;;;
R14;;;;;;;;;;;;;;;;;;;;;;;;;;;;;;;;;;;;;;;;;;;;;;;;R14;;;;;;;;R14;;;;;;;;;;;;;;;;;;;;;;;;;;;
R29;;;R29;R29;R29;R29;R29;R29;R29;R29;R29;;;;;;;;;;R29;R29;R29;R29;;;;;;R29;;;;;;;;;;;R29;R29;R29;;R29;;R29;R29;R29;R29;R29;;R29;R29;R29;R29;;;;;;;;;;;;;;;;;;;;;;;;;;;
R26;;;;;;;;;;;;;;;;;;;;;;;;;;;;;;;;;;;;;;;;;R26;;;{S32,R26};;;;R26;;;;;R26;;;R26;;;;;;;;;;;;;;;;;;;;;;;;;;;
R80;;;R80;R80;R80;R80;R80;R80;R80;R80;R80;;;;;;;;;;R80;R80;R80;R80;;;;;;R80;;;;;;;;;;;R80;R80;R80;R80;R80;;R80;R80;R80;R80;R80;;R80;R80;R80;R80;;;;;;;;;;;;;;;;;;;;;;;;;;;
;S19;S20;;;;;;;;;;;;;;;;;;;;;;;;;;;;;;;;;;;;;;S82;;;;;;;;;;;;S83;;;;;;;;;;;;;;;110;;;;119;80;;13;14;81;16;17;;;;;
;S19;S20;;;;;;;;;;;;;;;;;;;;;;;;;;;S21;;;;S22;S23;S122;S24;S25;S26;S27;S28;;;;;;;;;;;;S29;;;;;;;120;4;5;6;7;8;9;10;11;;;;;12;;13;14;15;16;17;;121;;;18
;S19;S20;;;;;;;;;;;;;;;;;;;;;;;;;;;S21;;;;S22;S23;S122;S24;S25;S26;S27;S28;;;;;;;;;;;;S29;;;;;;;120;4;5;6;7;8;9;10;11;;;;;12;;13;14;15;16;17;;123;;;18
;;;;;;;;;;;;;;;;;;;;;;;;;;;;;;;;;;;;;;S26;;S125;;;;;;;;;;;;S126;;;;;;;;;;;;;;;;;;;;;;;;;;;;;;;124
;;;S35;S36;S37;S38;S39;S40;S41;S42;S43;;;;;;;;;;;;;;;;;;;R57;;;;;;;;;;;R57;;;;;;;;S52;;S54;;;;;;;;;;;;;;;;;;;127;;;;;;;;;;;;;
;;;;;;;;;;;;;;;;;;;;;;;;;;;;;;;;;;;;;;;;;S128;;;;;;;;;;;;;;;;;;;;;;;;;;;;;;;;;;;;;;;;;;
;;;;;;;;;;;;;;;;;;;;;;;;;;;;;;;;;;;;;;;;;S129;;;;;;;;;;;;;;;;;;;;;;;;;;;;;;;;;;;;;;;;;;
;;;;;;;;;;;;;;;;;;;;;;;;;;;;;;;;;;;;;;;;;S130;;;S131;;;;;;;;;;;;;;;;;;;;;;;;;;;;;;;;;;;;;;;
;S19;S20;;;;;;;;;;;;;;;;;;;;;;;;;;;;;;;;;;;;;;S82;S133;;;;;;;;;;;S83;;;;;;;;;;;;;;;132;;;;;80;;13;14;81;16;17;;;;;
R25;;;;;;;;;;;;;;;;;;;;;;;;;;;;;;;;;;;;;;;;;R25;;;R25;;;;R25;;;;;R25;;;R25;;;;;;;;;;;;;;;;;;;;;;;;;;;
R31;;;R31;R31;R31;R31;R31;R31;R31;R31;R31;;;;;;;;;;R31;R31;R31;R31;;;;;;R31;;;;;;;;;;;R31;R31;R31;;R31;;R31;R31;R31;R31;R31;;R31;R31;R31;R31;;;;;;;;;;;;;;;;;;;;;;;;;;;
R24;;;;;;;;;;;;;;;;;;;;;;;;;;;;;;;;;;;;;;;;;R24;;;R24;;;;R24;;;;;R24;;;R24;;;;;;;;;;;;;;;;;;;;;;;;;;;
R30;;;R30;R30;R30;R30;R30;R30;R30;R30;R30;;;;;;;;;;R30;R30;R30;R30;;;;;;R30;;;;;;;;;;;R30;R30;R30;;R30;;R30;R30;R30;R30;R30;;R30;R30;R30;R30;;;;;;;;;;;;;;;;;;;;;;;;;;;
;;;;;;;;;;;;;;;;;;;;;;;;;;;;;;R44;;;;;;;;;;;;;;;;;;;;;;;;;;;;;;;;;;;;;;;;;;;;;;;;;;;;;
S134;;;;;;;;;;;;;;;;;;;;;;;;;;;;;;;;;;;;;;;;;;;;;;;;S135;;;;;;;;S134;;;;;;;;;;;;;;;;;;;;;;;;;;;
R87;;;;;;;;;;;;;;;;;;;;;;;;;;;;;;;S137;R87;;;;;;;;;;;;;;;;R87;;;;;;;;R87;;;;;;;;;;;;;;;;;;;;;;;;;136;;
;S19;S20;;;;;;;;;;;;;;;;;;;;;;;;;;;S21;;;;S22;S23;;S24;S25;S26;S27;S28;;;;;;;;;;;;S29;;;;;;138;3;4;5;6;7;8;9;10;11;;;;;12;;13;14;15;16;17;;;;;18
R89;;;;;;;;;;;;;;;;;;;;;;;;;;;;;;;;S140;;;;;;;;;;;;;;;;R89;;;;;;;;R89;;;;;;;;;;;;;;;;;;;;;;;;;;139;
;;;;;;;;;;;;;;;;;;;;;;;;;;;;;;S141;;;;;;;;;;;;;;;;;;;;;;;;;;;;;;;;;;;;;;;;;;;;;;;;;;;;;
;S19;S20;;;;;;;;;;;;;;;;;;;;;;;;;;;;;;;;;;;;;;S82;;;;;;;;;;;;S83;;;;;;;;;;;;;;;142;;;;;80;;13;14;81;16;17;;;;;
;S19;S20;;;;;;;;;;;;;;;;;;;;;;;;;;;;;;;;;;;;;;S82;;;;;;;;;;;;S83;;;;;;;;;;;;;;;143;;;;;80;;13;14;81;16;17;;;;;
;S19;S20;;;;;;;;;;;;;;;;;;;;;;;;;;;;;;;;;;;;;;S82;;;;;;;;;;;;S83;;;;;;;;;;;;;;;110;;;;144;80;;13;14;81;16;17;;;;;
R20;;;;;;;;;;;;;;;;;;;;;;;;;;;;;;;;;;;;;;;;;R20;;;R20;;;;R20;;;;;R20;;;R20;;;;;;;;;;;;;;;;;;;;;;;;;;;
R21;;;;;;;;;;;;;;;;;;;;;;;;;;;;;;;;;;;;;;;;;R21;;;R21;;;;R21;;;;;R21;;;R21;;;;;;;;;;;;;;;;;;;;;;;;;;;
R90;;;;;;;;;;;;;;;;;;;;;;;;;;;;;;R90;;;;;;;;;;;R90;;;R90;;;;R90;;;;;R90;;;R90;;;;;;;;;;;;;;;;;;;;;;;;;;;
;S19;S20;;;;;;;;;;;;;;;;;;;;;;;;;;;;;;;;;;;;;;;;;;;;;;;;;;;;;;;;;;;;;;;;;;;;;;;;;;75;76;;145;;;;
;;;;;;;;;;;;;;;;;;;;;;;;;;;;;;;;;;;;;;;;;S146;;;;;;;;;;;;;;;;;;;;;;;;;;;;;;;;;;;;;;;;;;
;;;;;;;;;;;;;;;;;;;;;;;;;;;;;;S147;;;;;;;;;;;;;;;;;;;;;;;;;;;;;;;;;;;;;;;;;;;;;;;;;;;;;
R84;;;;;;;;;;;;;;;;;;;;;;;;;;;;;;;R84;R84;;;;;;;;;;;;;;;;R84;;;;;;;;R84;;;;;;;;;;;;;;;;;;;;;;;;;;;
R85;;;;;;;;;;;;;;;;;;;;;;;;;;;;;;;R85;R85;;;;;;;;;;;;;;;;R85;;;;;;;;R85;;;;;;;;;;;;;;;;;;;;;;;;;;;
R89;;;;;;;;;;;;;;;;;;;;;;;;;;;;;;;;S140;;;;;;;;;;;;;;;;R89;;;;;;;;R89;;;;;;;;;;;;;;;;;;;;;;;;;;148;
;S19;S20;;;;;;;;;;;;;;;;;;;;;;;;;;;;;;;;;;;;;;S82;;;;;;;;;;;;S83;;;;;;;;;;;;;;;78;;149;;;80;;13;14;81;16;17;;;;;
R83;;;;;;;;;;;;;;;;;;;;;;;;;;;;;;;R83;R83;;;;;;;;;;;;;;;;R83;;;;;;;;R83;;;;;;;;;;;;;;;;;;;;;;;;;;;
R16;;;;;;;;;;;;;;;;;;;;;;;;;;;;;;;;;;;;;;;;;;;;;;;;R16;;;;;;;;R16;;;;;;;;;;;;;;;;;;;;;;;;;;;
;S19;S20;;;;;;;;;;;;;;;;;;;;;;;;;;;;;;;;;;;;;;S82;;;;;;;;;;;;S83;;;;;;;;;;;;;;;78;;150;;;80;;13;14;81;16;17;;;;;
;S19;S20;;;;;;;;;;;;;;;;;;;;;;;;;;;S21;;;;S22;S23;S122;S24;S25;S26;S27;S28;;;;;;;;;;;;S29;;;;;;;120;4;5;6;7;8;9;10;11;;;;;12;;13;14;15;16;17;;151;;;18
;;;;;;;;;;;;;;;;;;;;;;;;;;;;;;;;;;;;;;;;;S152;;;;;;;;;;;;;;;;;;;;;;;;;;;;;;;;;;;;;;;;;;
;;;;;;;;;;;;;;;;;;;;;;;;;;;;;;;;;;;;;;;;;;;;;;;;;;;;;S153;;;;;;;;;;;;;;;;;;;;;;;;;;;;;;
;;;;;;;;;;;;;;;;;;;;;;;;;;;;;;R56;;;;;;;;;;;R56;;;;;;;;;;;;;;;;;;;;;;;;;;;;;;;;;;;;;;;;;;
;;;;;;;;;;;;;;;;;;;;;;;;;;;;;;;;;;;;;;;;;S154;;;S155;;;;;;;;;;;;;;;;;;;;;;;;;;;;;;;;;;;;;;;
;;;;;;;;;;;;;;;;;;;;;;;;;;;;;;S156;;;;;;;;;;;;;;;;;;;;;;;;;;;;;;;;;;;;;;;;;;;;;;;;;;;;;
;S19;S20;;;;;;;;;;;;;;;;;;;;;;;;;;;S21;;;;S22;S23;S122;S24;S25;S26;S27;S28;;;;;;;;;;;;S29;;;;;;;120;4;5;6;7;8;9;10;11;;;;;12;;13;14;15;16;17;;157;;;18
R15;;;;;;;;;;;;;;;;;;;;;;;;;;;;;;;;;;;;;;;;;;;;;;;;R15;;;;;;;;R15;;;;;;;;;;;;;;;;;;;;;;;;;;;
;;;;;;;;;;;;;;;;;;;;;;;;;;;;;;S158;;;;;;;;;;;;;;;;;;;;;;;;;;;;;;;;;;;;;;;;;;;;;;;;;;;;;
;;;;;;;;;;;;;;;;;;;;;;;;;;;;;;S159;;;;;;;;;;;;;;;;;;;;;;;;;;;;;;;;;;;;;;;;;;;;;;;;;;;;;
R17;;;;;;;;;;;;;;;;;;;;;;;;;;;;;;;;;;;;;;;;;;;;;;;;R17;;;;;;;;R17;;;;;;;;;;;;;;;;;;;;;;;;;;;
;;;;;;;;;;;;;;;;;;;;;;;;;;;;;;S160;;;;;;;;;;;;;;;;;;;;;;;;;;;;;;;;;;;;;;;;;;;;;;;;;;;;;
;;;;;;;;;;;;;;;;;;;;;;;;;;;;;;S161;;;;;;;;;;;;;;;;;;;;;;;;;;;;;;;;;;;;;;;;;;;;;;;;;;;;;
R91;;;;;;;;;;;;;;;;;;;;;;;;;;;;;;R91;;;;;;;;;;;R91;;;R91;;;;R91;;;;;R91;;;R91;;;;;;;;;;;;;;;;;;;;;;;;;;;
;S19;S20;;;;;;;;;;;;;;;;;;;;;;;;;;;;;;;;;;;;;;;;;;;;;;;;;;;;;;;;;;;;;;;;;;;;;;;;;;75;76;;162;;;;
;S19;S20;;;;;;;;;;;;;;;;;;;;;;;;;;;S21;;;;S22;S23;S122;S24;S25;S26;S27;S28;;;;;;;;;;;;S29;;;;;;;120;4;5;6;7;8;9;10;11;;;;;12;;13;14;15;16;17;;163;;;18
R28;;;;;;;;;;;;;;;;;;;;;;;;;;;;;;;;;;;;;;;;;;;;;;;;R28;;;;;;;;R28;;;;;;;;;;;;;;;;;;;;;;;;;;;
;S19;S20;;;;;;;;;;;;;;;;;;;;;;;;;;;S21;;;;S22;S23;S122;S24;S25;S26;S27;S28;;;;;;;;;;;;S29;;;;;;;120;4;5;6;7;8;9;10;11;;;;;12;;13;14;15;16;17;;164;;;18
;S19;S20;;;;;;;;;;;;;;;;;;;;;;;;;;;S21;;;;S22;S23;S122;S24;S25;S26;S27;S28;;;;;;;;;;;;S29;;;;;;;120;4;5;6;7;8;9;10;11;;;;;12;;13;14;15;16;17;;165;;;18
;S19;S20;;;;;;;;;;;;;;;;;;;;;;;;;;;S21;;;;S22;S23;S122;S24;S25;S26;S27;S28;;;;;;;;;;;;S29;;;;;;;120;4;5;6;7;8;9;10;11;;;;;12;;13;14;15;16;17;;166;;;18
;S19;S20;;;;;;;;;;;;;;;;;;;;;;;;;;;S21;;;;S22;S23;S122;S24;S25;S26;S27;S28;;;;;;;;;;;;S29;;;;;;;120;4;5;6;7;8;9;10;11;;;;;12;;13;14;15;16;17;;167;;;18
;;;;;;;;;;;;;;;;;;;;;;;;;;;;;;;;;;;;;;;;;S168;;;;;;;;;;;;;;;;;;;;;;;;;;;;;;;;;;;;;;;;;;
R27;;;;;;;;;;;;;;;;;;;;;;;;;;;;;;;;;;;;;;;;;;;;;;;;R27;;;;;;;;R27;;;;;;;;;;;;;;;;;;;;;;;;;;;
R87;;;;;;;;;;;;;;;;;;;;;;;;;;;;;;;S137;R87;;;;;;;;;;;;;;;;R87;;;;;;;;R87;;;;;;;;;;;;;;;;;;;;;;;;;169;;
R88;;;;;;;;;;;;;;;;;;;;;;;;;;;;;;;;;;;;;;;;;;;;;;;;R88;;;;;;;;R88;;;;;;;;;;;;;;;;;;;;;;;;;;;
R19;;;;;;;;;;;;;;;;;;;;;;;;;;;;;;;;;;;;;;;;;;;;;;;;R19;;;;;;;;R19;;;;;;;;;;;;;;;;;;;;;;;;;;;
R18;;;;;;;;;;;;;;;;;;;;;;;;;;;;;;;;;;;;;;;;;;;;;;;;R18;;;;;;;;R18;;;;;;;;;;;;;;;;;;;;;;;;;;;
R92;;;;;;;;;;;;;;;;;;;;;;;;;;;;;;R92;;;;;;;;;;;R92;;;R92;;;;R92;;;;;R92;;;R92;;;;;;;;;;;;;;;;;;;;;;;;;;;
R86;;;;;;;;;;;;;;;;;;;;;;;;;;;;;;;;R86;;;;;;;;;;;;;;;;R86;;;;;;;;R86;;;;;;;;;;;;;;;;;;;;;;;;;;;
